Density,Vec Mem Mean,Vec Mem Std,HashSet Mem Mean,HashSet Mem Std,MultiRange Mem Mean,MultiRange Mem Std,BitVec Mem Mean,BitVec Mem Std,Vec Ins Mean,Vec Ins Std,HashSet Ins Mean,HashSet Ins Std,MultiRange Ins Mean,MultiRange Ins Std,BitVec Ins Mean,BitVec Ins Std,Vec Con Mean,Vec Con Std,HashSet Con Mean,HashSet Con Std,MultiRange Con Mean,MultiRange Con Std,BitVec Con Mean,BitVec Con Std
0.0000,0.00,0.00,0.00,0.00,0.00,0.00,0.00,0.00,0.00,0.00,0.00,0.00,0.00,0.00,0.00,0.00,0.00,0.00,0.00,0.00,0.00,0.00,0.00,0.00
0.0050,2072.00,0.00,5168.00,0.00,4013.60,12.92,12536.00,0.00,31.20,2.96,22.00,4.00,110.20,14.70,17.00,4.58,28.60,2.01,19.00,1.10,29.00,1.10,16.00,0.45
0.0100,4120.00,0.00,10288.00,0.00,7957.60,17.55,12536.00,0.00,46.10,4.78,24.00,4.90,135.30,24.74,18.20,4.12,42.80,3.87,19.10,0.70,31.00,1.55,15.90,0.54
0.0150,8216.00,0.00,10288.00,0.00,11864.80,27.82,12536.00,0.00,64.10,5.03,25.00,5.00,170.30,20.45,17.00,4.58,58.10,6.09,21.10,0.83,38.20,19.31,16.00,0.77
0.0200,8216.00,0.00,20528.00,0.00,15727.20,45.04,12536.00,0.00,77.10,9.04,26.10,4.99,203.40,24.72,18.00,4.00,71.80,9.87,20.40,0.92,33.50,1.36,16.00,0.77
0.0250,16408.00,0.00,20528.00,0.00,19548.80,68.37,12536.00,0.00,96.10,12.12,30.00,6.32,221.50,52.44,16.00,4.90,86.60,11.87,20.90,0.83,36.40,1.74,16.40,0.80
0.0300,16408.00,0.00,20528.00,0.00,23320.00,53.43,12536.00,0.00,124.20,16.45,25.00,5.00,238.30,91.20,19.00,3.00,101.20,15.12,22.80,1.47,37.40,1.36,16.20,0.75
0.0350,16408.00,0.00,20528.00,0.00,27036.80,69.02,12536.00,0.00,145.30,15.43,30.20,10.87,356.50,66.03,18.00,4.00,116.60,16.98,26.60,2.15,39.40,1.43,15.90,0.83
0.0400,16408.00,0.00,41008.00,0.00,30752.80,126.87,12536.00,0.00,153.30,18.48,26.00,4.90,437.60,71.53,18.00,4.00,129.60,19.76,20.70,0.90,40.60,1.69,16.20,0.98
0.0450,32792.00,0.00,41008.00,0.00,34430.40,137.67,12536.00,0.00,168.50,22.28,28.10,6.04,451.50,207.85,18.00,4.00,146.90,20.25,21.20,0.98,47.30,13.74,16.20,0.87
0.0500,32792.00,0.00,41008.00,0.00,38046.40,145.19,12536.00,0.00,189.30,31.27,26.00,4.90,479.70,207.82,16.00,4.90,160.60,22.45,21.60,0.80,43.60,1.85,16.90,1.64
0.0550,32792.00,0.00,41008.00,0.00,41679.20,167.71,12536.00,0.00,205.20,25.95,26.10,4.78,540.70,236.79,17.00,4.58,176.40,25.05,22.20,0.98,44.90,1.81,16.40,0.92
0.0600,32792.00,0.00,41008.00,0.00,45189.60,147.77,12536.00,0.00,214.30,26.64,29.10,7.16,556.90,335.80,16.00,4.90,194.20,36.71,22.70,1.68,46.00,2.57,16.60,0.66
0.0650,32792.00,0.00,41008.00,0.00,48673.60,118.76,12536.00,0.00,228.60,29.54,29.00,5.39,774.10,89.46,20.00,0.00,207.50,29.79,24.40,1.56,47.60,2.94,16.30,0.64
0.0700,32792.00,0.00,41008.00,0.00,52128.00,85.04,12536.00,0.00,253.50,27.39,31.10,6.99,638.90,382.69,16.00,4.90,223.20,30.27,27.50,1.20,49.60,2.06,16.20,1.08
0.0750,32792.00,0.00,81968.00,0.00,55557.60,57.81,12536.00,0.00,277.40,33.28,29.10,5.41,799.20,256.91,16.00,4.90,241.80,30.85,22.20,1.72,51.10,2.55,16.30,0.64
0.0800,32792.00,0.00,81968.00,0.00,58892.00,95.08,12536.00,0.00,290.40,30.73,25.00,5.00,655.10,380.15,19.10,3.05,261.80,32.55,23.10,1.14,53.30,2.45,16.30,0.78
0.0850,65560.00,0.00,81968.00,0.00,62210.40,94.39,12536.00,0.00,302.70,35.96,29.00,3.00,934.10,150.38,17.00,4.58,282.70,37.00,23.90,1.58,54.70,2.65,16.10,0.94
0.0900,65560.00,0.00,81968.00,0.00,65507.20,89.74,12536.00,0.00,319.50,39.42,28.00,4.00,883.30,420.56,18.00,4.00,303.20,45.10,23.40,1.43,54.60,2.24,15.90,0.94
0.0950,65560.00,0.00,81968.00,0.00,68757.60,89.52,12536.00,0.00,336.50,36.31,27.00,6.40,811.00,488.58,13.00,4.58,347.10,89.63,23.60,1.50,55.20,2.96,16.20,1.08
0.1000,65560.00,0.00,81968.00,0.00,71989.60,69.10,12536.00,0.00,354.40,38.85,28.00,4.00,1066.70,109.79,18.00,4.00,329.10,39.40,23.80,1.17,55.20,2.71,16.00,0.63
0.1050,65560.00,0.00,81968.00,0.00,75213.60,79.04,12536.00,0.00,367.80,45.23,27.00,6.40,924.50,431.23,18.10,4.06,348.70,38.08,24.40,1.50,56.00,2.72,16.40,0.66
0.1100,65560.00,0.00,81968.00,0.00,78380.00,112.07,12536.00,0.00,383.60,44.74,32.00,6.00,1091.70,371.85,19.00,3.00,356.30,40.95,30.60,16.38,55.60,2.76,16.20,0.98
0.1150,65560.00,0.00,81968.00,0.00,81446.40,155.82,12536.00,0.00,413.70,56.15,30.00,4.47,1225.80,232.59,15.00,5.00,382.10,48.01,25.10,2.34,56.00,3.19,16.30,1.19
0.1200,65560.00,0.00,81968.00,0.00,84474.40,184.80,12536.00,0.00,422.60,51.18,27.00,6.40,1056.60,507.94,19.10,3.05,387.30,52.86,25.60,1.20,56.00,2.32,16.40,1.02
0.1250,65560.00,0.00,81968.00,0.00,87509.60,181.59,12536.00,0.00,432.70,51.74,32.10,3.96,834.10,646.44,20.00,0.00,393.80,42.58,26.10,1.14,56.00,3.07,16.20,0.98
0.1300,65560.00,0.00,81968.00,0.00,90492.00,196.10,12536.00,0.00,452.60,53.44,31.10,6.99,900.40,686.36,17.10,4.44,422.70,40.87,27.10,2.43,56.80,2.52,16.60,2.01
0.1350,65560.00,0.00,81968.00,0.00,93434.40,196.25,12536.00,0.00,469.70,53.07,61.20,80.57,3069.50,6709.96,17.00,4.58,430.10,48.89,27.80,1.89,56.60,2.50,16.30,0.90
0.1400,65560.00,0.00,81968.00,0.00,96321.60,234.30,12536.00,0.00,480.70,56.76,29.00,3.00,3143.90,6125.49,18.00,6.00,438.50,53.01,29.60,1.20,56.00,2.05,16.10,0.70
0.1450,65560.00,0.00,163888.00,0.00,99185.60,258.28,12536.00,0.00,493.80,59.35,30.00,4.47,2843.40,6228.97,18.00,4.00,450.50,55.18,24.30,2.28,56.30,2.10,16.40,0.66
0.1500,65560.00,0.00,163888.00,0.00,101964.80,253.24,12536.00,0.00,512.70,63.96,33.10,6.52,2977.40,6132.19,16.00,4.90,471.10,62.88,24.20,1.89,56.30,1.68,16.40,0.92
0.1550,65560.00,0.00,163888.00,0.00,104789.60,249.06,12536.00,0.00,528.90,65.85,28.00,6.00,3064.90,6683.35,19.00,3.00,481.10,57.71,25.30,4.29,56.40,2.06,16.60,1.20
0.1600,65560.00,0.00,163888.00,0.00,107549.60,231.81,12536.00,0.00,541.90,65.25,28.00,6.00,3601.30,6031.49,16.20,5.08,496.40,63.93,24.90,3.51,56.30,2.00,20.60,13.82
0.1650,131096.00,0.00,163888.00,0.00,110268.80,245.46,12536.00,0.00,549.80,58.93,32.20,4.17,3185.70,6805.13,19.00,3.00,495.90,55.94,25.10,1.58,56.50,1.96,16.50,1.12
0.1700,131096.00,0.00,163888.00,0.00,112932.80,202.33,12536.00,0.00,570.90,58.98,30.00,4.47,1045.60,866.70,17.00,4.58,522.80,53.60,24.80,1.72,57.00,2.10,16.30,0.78
0.1750,131096.00,0.00,163888.00,0.00,115563.20,213.32,12536.00,0.00,588.00,63.25,29.00,7.00,1213.90,717.98,20.00,4.47,544.10,64.38,24.70,2.41,57.50,2.33,16.70,1.85
0.1800,131096.00,0.00,163888.00,0.00,118126.40,216.97,12536.00,0.00,662.00,173.63,35.10,9.49,3351.10,7002.97,16.10,4.99,552.10,78.72,24.60,2.01,57.40,2.06,16.10,1.04
0.1850,131096.00,0.00,163888.00,0.00,120650.40,230.09,12536.00,0.00,613.90,65.66,32.00,6.00,758.10,871.44,16.00,4.90,557.60,66.36,24.90,1.92,57.20,1.99,16.00,0.77
0.1900,131096.00,0.00,163888.00,0.00,123130.40,248.75,12536.00,0.00,629.90,63.47,27.00,4.58,3483.30,7659.39,18.00,4.00,566.40,50.80,24.60,1.85,57.40,2.11,16.20,1.08
0.1950,131096.00,0.00,163888.00,0.00,125618.40,265.89,12536.00,0.00,644.90,68.59,30.10,4.48,3460.10,7290.27,17.10,4.66,580.20,68.82,25.10,1.70,57.70,1.79,16.40,0.92
0.2000,131096.00,0.00,163888.00,0.00,128072.00,316.34,12536.00,0.00,663.10,73.43,32.00,6.00,3653.50,7396.21,17.10,4.44,588.30,73.96,27.90,9.75,57.30,2.15,16.60,1.56
0.2050,131096.00,0.00,163888.00,0.00,130406.40,302.18,12536.00,0.00,673.00,77.56,30.00,4.47,1438.20,696.87,19.00,3.00,591.70,71.67,24.90,1.51,58.10,0.83,15.90,0.30
0.2100,131096.00,0.00,163888.00,0.00,132732.00,277.55,12536.00,0.00,686.90,79.96,29.00,5.39,1007.40,862.21,18.00,4.00,615.70,66.24,24.80,2.14,58.00,0.89,16.30,0.78
0.2150,131096.00,0.00,163888.00,0.00,135080.00,266.65,12536.00,0.00,704.00,77.60,29.00,3.00,1349.90,912.32,17.20,4.73,640.20,78.60,25.70,2.33,58.40,0.80,26.90,31.06
0.2200,131096.00,0.00,163888.00,0.00,137332.00,310.44,12536.00,0.00,721.00,76.29,32.00,7.48,651.90,883.84,15.10,4.91,636.80,55.94,27.10,3.56,58.90,0.94,16.30,0.64
0.2250,131096.00,0.00,163888.00,0.00,139563.20,302.78,12536.00,0.00,733.10,83.87,33.00,4.58,1125.70,958.18,20.00,0.00,646.40,78.07,25.80,1.60,59.30,1.68,16.10,0.54
0.2300,131096.00,0.00,163888.00,0.00,141785.60,275.97,12536.00,0.00,751.10,87.97,31.10,5.56,3302.80,8345.86,16.10,4.99,667.40,63.50,25.90,2.17,60.10,3.08,110.50,283.83
0.2350,131096.00,0.00,163888.00,0.00,143883.20,275.42,12536.00,0.00,771.10,92.86,33.00,4.58,4275.50,8049.12,14.00,4.90,680.20,79.58,26.20,1.94,63.70,13.54,16.10,0.70
0.2400,131096.00,0.00,163888.00,0.00,145994.40,307.85,12536.00,0.00,790.30,93.08,30.00,7.75,1626.60,975.53,18.00,4.00,697.70,80.18,29.40,10.91,60.40,4.57,18.50,8.18
0.2450,131096.00,0.00,163888.00,0.00,148064.80,267.29,12536.00,0.00,798.30,91.95,31.00,3.00,3841.80,8645.41,18.10,4.06,707.30,81.56,26.10,1.81,59.10,0.83,16.20,0.87
0.2500,131096.00,0.00,163888.00,0.00,150169.60,270.93,12536.00,0.00,812.10,93.22,31.00,3.00,4770.20,8111.85,15.10,5.11,706.30,96.53,27.40,1.50,59.60,0.92,16.20,0.75
0.2550,131096.00,0.00,163888.00,0.00,152124.00,351.77,12536.00,0.00,836.40,99.93,31.00,5.39,1336.10,991.65,18.00,4.00,717.40,66.64,29.70,5.06,60.90,2.70,16.90,1.70
0.2600,131096.00,0.00,163888.00,0.00,154058.40,290.85,12536.00,0.00,851.40,93.00,31.00,3.00,1365.10,999.82,16.00,4.90,722.40,72.86,33.40,15.96,63.90,12.75,16.60,1.11
0.2650,131096.00,0.00,163888.00,0.00,155969.60,299.24,12536.00,0.00,861.20,96.00,35.10,6.64,4256.50,8590.03,15.00,5.00,738.30,81.66,28.40,2.15,60.10,1.22,16.40,1.02
0.2700,131096.00,0.00,163888.00,0.00,157868.00,308.23,12536.00,0.00,874.50,99.85,37.00,6.40,1758.50,949.60,17.10,6.46,761.50,84.89,30.10,1.70,60.10,1.30,16.30,0.64
0.2750,131096.00,0.00,163888.00,0.00,159683.20,342.96,12536.00,0.00,908.40,91.39,39.00,8.31,1092.60,1011.53,17.10,6.30,783.80,94.18,30.20,1.47,60.80,0.87,16.50,0.81
0.2800,131096.00,0.00,163888.00,0.00,161426.40,350.94,12536.00,0.00,934.40,147.84,39.10,9.55,617.00,924.71,18.00,4.00,781.60,93.61,30.70,1.79,60.50,0.92,16.30,1.10
0.2850,131096.00,0.00,163888.00,0.00,163164.80,421.72,12536.00,0.00,922.60,103.07,35.10,4.91,3754.70,8872.96,15.00,5.00,789.00,80.03,32.40,2.58,61.20,0.75,16.00,0.77
0.2900,131096.00,0.00,327728.00,0.00,164908.00,372.88,12536.00,0.00,935.40,113.45,33.00,4.58,4506.90,9478.56,18.00,4.00,803.80,88.51,28.80,0.98,61.10,0.54,16.50,0.81
0.2950,131096.00,0.00,327728.00,0.00,166628.00,328.43,12536.00,0.00,961.50,106.62,33.00,4.58,3905.00,9433.73,19.10,5.59,818.80,98.34,29.10,3.73,61.50,1.75,17.30,3.58
0.3000,131096.00,0.00,327728.00,0.00,168208.00,331.47,12536.00,0.00,981.50,112.46,34.20,4.75,1263.00,1271.37,17.00,4.58,818.60,93.01,28.40,2.65,60.70,0.78,16.80,0.60
0.3050,131096.00,0.00,327728.00,0.00,169778.40,300.08,12536.00,0.00,996.40,98.05,35.10,9.17,429.60,770.71,17.10,6.61,835.40,86.76,28.30,2.72,61.80,2.18,16.70,1.19
0.3100,131096.00,0.00,327728.00,0.00,171378.40,332.05,12536.00,0.00,1000.70,114.53,33.00,4.58,1079.50,1082.16,17.00,4.58,846.10,97.80,30.10,6.35,60.70,0.46,16.20,0.60
0.3150,131096.00,0.00,327728.00,0.00,172942.40,319.88,12536.00,0.00,1020.70,117.93,33.10,4.53,4567.70,9759.69,18.00,6.00,854.60,107.50,28.60,3.50,61.50,0.50,16.40,0.66
0.3200,131096.00,0.00,327728.00,0.00,174368.80,368.72,12536.00,0.00,1035.70,109.63,64.20,89.77,643.90,951.45,17.00,4.58,852.20,96.31,28.30,1.85,61.30,0.78,16.40,0.80
0.3250,131096.00,0.00,327728.00,0.00,175795.20,413.70,12536.00,0.00,1053.30,114.70,33.10,4.53,4613.90,9650.48,18.10,4.06,882.60,89.82,28.80,1.99,61.60,0.80,16.30,0.64
0.3300,262168.00,0.00,327728.00,0.00,177153.60,370.92,12536.00,0.00,1055.80,135.96,33.00,4.58,1360.30,1131.11,14.00,4.90,872.10,111.00,29.30,2.65,62.10,1.51,16.20,0.87
0.3350,262168.00,0.00,327728.00,0.00,178468.00,398.10,12536.00,0.00,1072.70,134.18,30.00,4.47,5077.90,10277.79,19.00,5.39,899.20,121.09,29.20,2.79,62.20,1.60,17.50,2.01
0.3400,262168.00,0.00,327728.00,0.00,179727.20,301.22,12536.00,0.00,1087.60,123.57,34.00,6.63,1425.10,1277.83,18.00,7.48,906.20,117.78,28.70,3.16,62.00,1.00,16.60,0.92
0.3450,262168.00,0.00,327728.00,0.00,180971.20,275.63,12536.00,0.00,1104.80,143.59,33.10,4.74,4638.10,10567.44,17.00,4.58,918.00,113.54,28.60,2.76,61.90,1.14,17.30,2.37
0.3500,262168.00,0.00,327728.00,0.00,182194.40,255.17,12536.00,0.00,1108.80,134.10,33.00,4.58,4560.00,10404.87,18.00,4.00,924.30,145.36,27.90,1.92,61.40,0.92,16.40,0.66
0.3550,262168.00,0.00,327728.00,0.00,183326.40,241.22,12536.00,0.00,1132.70,138.09,32.00,4.00,731.00,1103.23,15.00,5.00,930.00,113.81,29.90,3.11,62.00,1.34,16.50,0.92
0.3600,262168.00,0.00,327728.00,0.00,184492.00,198.08,12536.00,0.00,1161.70,144.78,32.00,4.00,4450.70,10468.28,17.10,6.61,964.10,155.68,29.30,3.80,62.90,2.02,16.80,0.98
0.3650,262168.00,0.00,327728.00,0.00,185640.80,198.83,12536.00,0.00,1175.90,150.86,31.00,3.00,1265.90,1171.71,15.00,5.00,945.20,116.27,28.40,3.47,62.30,1.00,17.00,1.67
0.3700,262168.00,0.00,327728.00,0.00,186668.00,206.46,12536.00,0.00,1193.70,151.54,30.00,6.32,4713.20,10559.09,18.00,4.00,969.80,155.41,28.20,2.09,62.20,1.33,16.50,1.02
0.3750,262168.00,0.00,327728.00,0.00,187673.60,155.98,12536.00,0.00,1219.90,154.57,33.00,4.58,1187.80,1131.48,18.00,4.00,991.30,140.35,29.10,4.70,62.60,1.80,17.70,3.20
0.3800,262168.00,0.00,327728.00,0.00,188664.80,142.73,12536.00,0.00,1236.90,146.08,31.00,3.00,1376.10,1261.77,20.00,4.47,963.30,152.01,29.20,3.09,62.40,1.28,16.90,1.04
0.3850,262168.00,0.00,327728.00,0.00,189580.80,160.05,12536.00,0.00,1231.90,154.77,30.00,6.32,5379.20,10987.66,19.00,3.00,982.30,135.71,31.40,7.63,62.80,1.08,16.90,0.54
0.3900,262168.00,0.00,327728.00,0.00,190434.40,191.57,12536.00,0.00,1255.20,151.51,33.10,4.74,4580.00,10853.81,20.00,0.00,1008.60,140.59,28.10,1.51,62.80,1.60,16.80,0.60
0.3950,262168.00,0.00,327728.00,0.00,191317.60,261.54,12536.00,0.00,1268.90,163.20,34.00,4.90,4524.90,10981.68,17.00,4.58,995.70,126.93,28.80,2.52,62.90,1.22,16.70,0.90
0.4000,262168.00,0.00,327728.00,0.00,192183.20,307.38,12536.00,0.00,1295.90,159.51,31.00,5.39,897.40,1412.53,17.10,6.46,1014.80,146.36,29.00,2.41,62.90,1.22,16.70,0.78
0.4050,262168.00,0.00,327728.00,0.00,192963.20,407.49,12536.00,0.00,1305.80,171.94,32.10,3.96,4876.30,11438.11,18.00,4.00,1035.10,139.85,29.90,3.36,62.70,0.90,16.70,0.90
0.4100,262168.00,0.00,327728.00,0.00,193700.00,446.69,12536.00,0.00,1316.10,172.62,33.10,10.02,4993.60,11290.64,19.10,5.59,1029.10,138.19,28.80,2.44,63.40,1.02,16.60,0.92
0.4150,262168.00,0.00,327728.00,0.00,194330.40,387.98,12536.00,0.00,1340.90,177.12,32.00,4.00,4734.10,11178.61,17.00,4.58,1081.10,140.37,29.70,3.26,63.60,1.50,16.50,1.20
0.4200,262168.00,0.00,327728.00,0.00,194932.00,377.52,12536.00,0.00,1366.90,190.35,33.10,6.36,994.60,1070.01,16.00,4.90,1072.20,156.92,29.60,2.80,63.20,0.98,17.20,1.08
0.4250,262168.00,0.00,327728.00,0.00,195561.60,388.90,12536.00,0.00,1370.10,175.18,36.00,4.90,925.50,1188.35,18.10,6.04,1073.70,154.90,29.70,2.93,63.30,1.27,17.00,0.77
0.4300,262168.00,0.00,327728.00,0.00,196161.60,341.48,12536.00,0.00,1385.20,177.28,32.00,4.00,1360.90,1195.10,21.10,6.99,1079.00,144.29,29.90,2.55,63.10,0.94,17.00,1.18
0.4350,262168.00,0.00,327728.00,0.00,196714.40,328.66,12536.00,0.00,1672.60,761.33,43.10,36.03,4885.50,12040.16,41.00,63.00,1085.80,160.01,36.40,12.38,65.30,4.36,18.30,3.52
0.4400,262168.00,0.00,327728.00,0.00,197229.60,356.39,12536.00,0.00,1427.00,184.78,34.30,4.88,1226.80,1247.06,18.00,4.00,1097.60,156.94,29.70,2.76,63.40,1.43,16.90,0.94
0.4450,262168.00,0.00,327728.00,0.00,197711.20,308.34,12536.00,0.00,1438.20,195.81,33.00,4.58,954.40,1129.45,18.00,4.00,1109.70,167.98,31.20,4.51,63.50,1.63,16.90,0.94
0.4500,262168.00,0.00,327728.00,0.00,198084.00,383.84,12536.00,0.00,1464.10,168.41,45.00,25.40,1151.90,1303.76,17.00,4.58,1135.20,147.26,29.80,2.82,64.30,2.90,17.50,1.12
0.4550,262168.00,0.00,327728.00,0.00,198540.00,440.61,12536.00,0.00,1482.20,177.70,35.10,6.64,5008.50,11285.20,19.10,3.05,1126.90,114.68,30.00,2.32,64.60,2.62,17.00,1.18
0.4600,262168.00,0.00,327728.00,0.00,198944.00,478.26,12536.00,0.00,1492.10,190.33,33.10,7.91,1786.70,1520.05,18.10,4.06,1130.30,145.09,30.60,3.32,65.50,3.32,17.10,1.30
0.4650,262168.00,0.00,327728.00,0.00,199276.00,466.89,12536.00,0.00,1493.30,203.41,34.00,6.63,4726.20,11020.08,19.00,5.39,1132.00,178.77,30.90,2.12,64.10,1.22,16.60,0.92
0.4700,262168.00,0.00,327728.00,0.00,199556.80,485.06,12536.00,0.00,1510.30,207.57,31.00,3.00,1182.10,1325.38,18.00,4.00,1185.90,195.29,30.60,2.94,74.50,30.86,17.20,0.87
0.4750,262168.00,0.00,327728.00,0.00,199768.00,568.92,12536.00,0.00,1528.60,197.65,30.00,4.47,4813.30,13171.56,20.00,6.32,1154.40,156.38,32.00,4.77,64.70,2.05,17.10,1.04
0.4800,262168.00,0.00,327728.00,0.00,199941.60,534.98,12536.00,0.00,1545.20,200.93,29.00,3.00,962.60,1116.70,17.00,4.58,1212.70,204.89,31.40,2.42,64.60,2.24,17.50,1.12
0.4850,262168.00,0.00,327728.00,0.00,200011.20,517.79,12536.00,0.00,1580.40,198.08,31.00,3.00,1257.90,1403.91,19.00,5.39,1199.50,127.98,31.80,2.82,65.30,2.10,16.90,1.14
0.4900,262168.00,0.00,327728.00,0.00,200158.40,457.27,12536.00,0.00,1605.50,197.03,35.00,5.00,1351.10,1339.83,17.10,4.66,1184.30,201.42,31.70,2.79,64.50,1.36,17.10,1.14
0.4950,262168.00,0.00,327728.00,0.00,200231.20,475.22,12536.00,0.00,1594.40,212.78,32.00,4.00,1272.20,972.18,16.00,4.90,1227.60,166.71,31.00,2.41,65.30,2.72,17.10,1.14
0.5000,262168.00,0.00,327728.00,0.00,200239.20,534.99,12536.00,0.00,1600.50,201.47,36.10,4.99,277.30,310.36,14.00,4.90,1181.00,142.59,32.70,3.41,65.90,3.78,17.30,1.49
0.5050,262168.00,0.00,327728.00,0.00,200212.80,505.82,12536.00,0.00,1627.60,228.00,32.00,6.00,4346.40,11755.77,17.10,6.46,1228.60,155.47,32.10,3.30,65.40,1.91,17.90,1.87
0.5100,262168.00,0.00,327728.00,0.00,200132.80,530.01,12536.00,0.00,1647.50,236.61,36.00,9.17,1172.90,810.87,16.00,4.90,1250.10,171.54,31.40,2.50,65.20,1.08,17.00,0.89
0.5150,262168.00,0.00,327728.00,0.00,200017.60,598.19,12536.00,0.00,1656.50,220.89,46.00,38.26,1121.90,1081.65,19.00,3.00,1250.70,191.50,31.50,1.96,65.20,1.54,17.40,1.11
0.5200,262168.00,0.00,327728.00,0.00,199827.20,651.74,12536.00,0.00,1660.30,220.87,36.00,6.63,1578.50,1341.48,16.00,4.90,1226.90,160.34,34.10,9.42,64.80,1.83,17.40,2.97
0.5250,262168.00,0.00,327728.00,0.00,199668.80,669.70,12536.00,0.00,1692.70,211.02,31.10,5.37,5194.90,11390.88,17.10,4.66,1245.20,163.04,31.60,2.80,65.20,1.66,16.90,0.94
0.5300,262168.00,0.00,327728.00,0.00,199476.80,635.72,12536.00,0.00,1698.60,223.96,45.00,26.55,1413.00,1233.81,16.10,4.99,1253.10,170.60,32.40,2.80,64.80,1.08,17.10,0.94
0.5350,262168.00,0.00,327728.00,0.00,199244.00,635.84,12536.00,0.00,1726.70,213.44,34.00,4.90,380.50,513.14,17.00,4.58,1288.20,171.68,32.90,4.46,65.00,0.89,17.30,0.90
0.5400,262168.00,0.00,327728.00,0.00,198946.40,693.52,12536.00,0.00,1738.70,232.67,36.00,6.63,513.70,577.34,19.00,3.00,1241.50,158.75,32.90,2.07,64.70,1.35,17.10,0.94
0.5450,262168.00,0.00,327728.00,0.00,198643.20,697.84,12536.00,0.00,1746.60,228.23,39.20,9.67,776.10,471.79,18.00,4.00,1288.70,169.49,32.90,2.17,65.20,2.48,17.00,0.89
0.5500,262168.00,0.00,327728.00,0.00,198228.00,760.04,12536.00,0.00,1757.50,231.46,36.10,6.55,744.10,982.76,17.00,6.40,1288.90,187.16,34.10,3.11,65.00,1.10,17.30,0.90
0.5550,262168.00,0.00,327728.00,0.00,197780.00,753.98,12536.00,0.00,1782.60,245.32,37.00,7.81,986.50,1259.55,20.00,4.47,1299.40,176.83,33.20,1.99,65.40,1.20,17.10,0.94
0.5600,262168.00,0.00,327728.00,0.00,197266.40,747.90,12536.00,0.00,1808.70,227.86,36.00,11.14,4480.00,11914.47,17.10,4.66,1292.90,149.68,33.10,2.17,65.20,1.47,17.20,1.08
0.5650,262168.00,0.00,327728.00,0.00,196749.60,768.80,12536.00,0.00,1816.60,257.74,38.00,8.72,1008.90,870.59,18.00,6.00,1311.50,172.84,36.80,3.99,66.90,5.11,17.80,2.60
0.5700,262168.00,0.00,327728.00,0.00,196247.20,763.23,12536.00,0.00,1830.90,245.73,35.10,6.79,1256.80,1231.34,20.20,6.49,1303.20,206.65,33.90,1.81,70.30,16.91,16.90,0.94
0.5750,262168.00,0.00,655408.00,0.00,195701.60,838.77,12536.00,0.00,1845.80,251.40,33.00,4.58,803.10,825.09,21.10,3.30,1330.70,218.59,35.30,2.79,64.90,0.83,17.90,1.04
0.5800,262168.00,0.00,655408.00,0.00,195029.60,878.90,12536.00,0.00,1885.80,231.51,31.00,3.00,1054.80,956.70,18.00,6.00,1341.30,176.08,35.00,4.12,65.00,1.34,17.30,0.90
0.5850,262168.00,0.00,655408.00,0.00,194405.60,818.25,12536.00,0.00,1861.80,242.18,34.10,5.03,921.30,568.31,18.00,6.00,1359.00,168.83,33.40,2.80,65.00,0.63,17.40,1.11
0.5900,262168.00,0.00,655408.00,0.00,193701.60,810.43,12536.00,0.00,1876.70,247.03,33.00,9.00,4442.70,11204.85,16.00,4.90,1299.50,167.03,34.50,4.03,66.10,2.17,17.20,1.72
0.5950,262168.00,0.00,655408.00,0.00,192886.40,813.04,12536.00,0.00,1906.10,253.34,31.00,3.00,4198.50,11018.65,15.00,5.00,1330.00,155.10,34.40,4.88,65.00,1.10,17.80,0.98
0.6000,262168.00,0.00,655408.00,0.00,192111.20,790.52,12536.00,0.00,1923.80,250.59,33.00,4.58,888.70,689.92,18.00,4.00,1361.60,148.62,34.50,3.11,64.90,0.54,17.30,0.90
0.6050,262168.00,0.00,655408.00,0.00,191327.20,756.02,12536.00,0.00,1929.80,254.39,34.00,6.63,525.80,576.73,19.00,3.00,1317.40,174.01,35.20,3.63,65.60,2.20,17.60,0.92
0.6100,262168.00,0.00,655408.00,0.00,190523.20,691.37,12536.00,0.00,1963.10,247.95,31.10,3.30,829.20,944.11,17.00,4.58,1366.00,175.93,34.60,3.67,65.50,1.36,18.00,0.89
0.6150,262168.00,0.00,655408.00,0.00,189616.80,630.07,12536.00,0.00,2446.60,1568.75,36.00,4.90,4294.40,11699.09,21.10,5.56,1367.30,216.13,33.70,3.98,66.40,2.54,17.60,1.02
0.6200,262168.00,0.00,655408.00,0.00,188697.60,647.74,12536.00,0.00,1977.80,254.91,61.10,83.42,894.40,1064.52,19.00,5.39,1365.30,183.32,33.60,3.04,66.40,1.36,17.60,0.92
0.6250,262168.00,0.00,655408.00,0.00,187672.00,687.57,12536.00,0.00,1989.00,262.07,35.00,5.00,699.10,1016.86,19.00,5.39,1377.70,199.81,36.80,9.55,65.80,2.64,18.20,2.09
0.6300,262168.00,0.00,655408.00,0.00,186585.60,683.04,12536.00,0.00,2002.70,260.24,31.00,5.39,4271.50,11195.93,20.00,4.47,1370.70,205.87,35.10,3.11,64.80,0.98,17.20,0.98
0.6350,262168.00,0.00,655408.00,0.00,185520.80,652.16,12536.00,0.00,2030.80,283.15,32.20,3.92,754.20,1149.06,17.00,4.58,1444.20,285.56,37.60,12.18,74.10,17.96,18.70,2.76
0.6400,262168.00,0.00,655408.00,0.00,184458.40,569.06,12536.00,0.00,2053.90,276.64,36.00,4.90,966.50,903.19,20.00,4.47,1388.10,208.08,34.10,4.50,66.00,2.24,17.50,0.92
0.6450,262168.00,0.00,655408.00,0.00,183275.20,584.11,12536.00,0.00,2055.20,281.43,34.10,4.83,4214.30,10956.65,20.00,4.47,1439.40,196.42,36.30,7.47,66.10,3.42,17.90,2.34
0.6500,262168.00,0.00,655408.00,0.00,182078.40,604.19,12536.00,0.00,2079.20,274.99,32.00,6.00,553.60,847.09,18.00,4.00,1439.20,217.29,34.00,2.49,64.90,1.51,17.40,1.02
0.6550,262168.00,0.00,655408.00,0.00,180898.40,579.77,12536.00,0.00,2084.30,273.24,34.10,6.73,916.50,803.89,18.00,4.00,1383.70,191.96,37.80,9.15,64.60,1.62,17.70,1.10
0.6600,524312.00,0.00,655408.00,0.00,179684.00,590.58,12536.00,0.00,2245.20,219.02,43.10,26.77,560.00,955.45,21.10,2.98,1518.10,164.28,35.80,3.28,63.90,0.54,22.20,13.32
0.6650,524312.00,0.00,655408.00,0.00,178344.80,548.43,12536.00,0.00,2261.40,226.04,35.10,5.11,414.60,496.86,15.10,5.11,1514.50,165.10,39.90,10.91,66.70,7.14,18.60,2.20
0.6700,524312.00,0.00,655408.00,0.00,176996.80,480.20,12536.00,0.00,2274.40,224.43,36.00,8.00,883.50,680.14,17.00,4.58,1496.90,110.10,38.80,8.24,64.70,1.55,18.50,2.69
0.6750,524312.00,0.00,655408.00,0.00,175605.60,497.79,12536.00,0.00,2294.30,220.43,36.20,7.86,660.10,600.12,19.00,5.39,1494.10,153.92,36.60,3.77,70.00,14.51,18.10,0.83
0.6800,524312.00,0.00,655408.00,0.00,174188.80,471.01,12536.00,0.00,2313.40,230.79,31.00,5.39,3840.80,9849.72,16.00,4.90,1523.90,149.39,35.10,3.21,64.60,2.01,18.00,0.89
0.6850,524312.00,0.00,655408.00,0.00,172756.00,452.89,12536.00,0.00,2330.60,227.67,32.00,4.00,698.00,530.79,16.10,4.78,1508.50,162.62,35.70,4.05,64.60,2.11,17.90,1.14
0.6900,524312.00,0.00,655408.00,0.00,171203.20,430.89,12536.00,0.00,2560.90,740.58,31.00,3.00,712.00,809.38,18.00,4.00,1536.10,175.60,35.30,3.74,64.20,1.40,18.00,0.77
0.6950,524312.00,0.00,655408.00,0.00,169639.20,471.35,12536.00,0.00,2363.40,229.93,31.00,5.39,650.40,852.38,19.00,3.00,1542.40,162.05,34.80,3.74,64.30,1.79,18.00,1.00
0.7000,524312.00,0.00,655408.00,0.00,168129.60,418.22,12536.00,0.00,2379.50,240.54,35.20,5.02,873.20,612.24,16.10,4.99,1527.10,177.79,34.50,2.20,63.80,1.17,17.80,0.75
0.7050,524312.00,0.00,655408.00,0.00,166514.40,407.55,12536.00,0.00,2824.20,1364.47,34.00,8.00,818.00,626.68,19.10,7.02,1561.20,178.55,34.50,1.86,64.20,1.25,17.70,0.90
0.7100,524312.00,0.00,655408.00,0.00,164872.00,451.02,12536.00,0.00,2419.70,244.53,31.00,3.00,1189.90,774.14,20.00,6.32,1539.10,145.11,35.30,2.28,64.10,0.83,17.80,0.75
0.7150,524312.00,0.00,655408.00,0.00,163116.80,419.33,12536.00,0.00,2428.70,243.81,33.00,4.58,597.00,484.40,17.00,6.40,1550.50,164.68,34.70,3.98,63.70,1.27,17.80,1.25
0.7200,524312.00,0.00,655408.00,0.00,161310.40,438.54,12536.00,0.00,2518.00,326.15,34.00,4.90,473.70,486.28,17.00,6.40,1625.20,240.10,37.60,4.98,65.20,4.26,18.80,2.52
0.7250,524312.00,0.00,655408.00,0.00,159571.20,427.42,12536.00,0.00,2523.80,333.77,33.20,4.47,889.10,739.07,20.00,6.32,1618.60,249.88,36.20,3.37,65.80,6.14,18.20,1.72
0.7300,524312.00,0.00,655408.00,0.00,157771.20,419.86,12536.00,0.00,2545.90,332.40,38.10,10.89,844.20,850.14,19.10,3.05,1639.20,202.87,37.90,5.17,67.10,6.70,18.60,3.01
0.7350,524312.00,0.00,655408.00,0.00,155968.80,387.05,12536.00,0.00,2506.80,226.94,30.00,4.47,885.40,847.07,21.00,7.00,1581.40,141.40,41.30,13.68,68.70,12.20,18.00,1.48
0.7400,524312.00,0.00,655408.00,0.00,154053.60,359.86,12536.00,0.00,2527.80,237.06,35.00,5.00,619.00,453.61,19.00,3.00,1651.80,181.82,36.30,5.69,64.30,2.28,18.60,1.96
0.7450,524312.00,0.00,655408.00,0.00,152086.40,385.58,12536.00,0.00,3021.60,1494.17,33.00,4.58,617.10,455.73,19.00,5.39,1584.20,210.08,36.90,7.65,63.50,1.50,18.10,1.04
0.7500,524312.00,0.00,655408.00,0.00,150089.60,433.40,12536.00,0.00,2568.00,244.96,33.00,4.58,898.50,733.93,18.00,4.00,1575.70,193.01,38.20,6.00,64.10,1.37,19.00,2.68
0.7550,524312.00,0.00,655408.00,0.00,148056.80,396.76,12536.00,0.00,2586.90,251.54,34.00,4.90,3900.00,8897.45,19.00,5.39,1617.60,176.35,37.20,6.34,69.80,15.78,18.00,0.89
0.7600,524312.00,0.00,655408.00,0.00,145936.00,350.21,12536.00,0.00,2598.90,251.45,30.10,0.30,562.90,489.69,21.00,7.00,1662.60,177.91,37.80,6.06,64.30,1.55,18.60,2.42
0.7650,524312.00,0.00,655408.00,0.00,143820.80,342.14,12536.00,0.00,2605.00,254.14,36.00,4.90,708.10,615.34,20.00,4.47,1630.80,183.29,37.20,2.75,64.30,2.76,18.00,1.10
0.7700,524312.00,0.00,655408.00,0.00,141680.80,403.45,12536.00,0.00,2618.90,248.30,34.00,6.63,440.60,400.20,13.10,6.36,1591.60,169.77,38.00,5.97,63.70,1.79,19.10,3.81
0.7750,524312.00,0.00,655408.00,0.00,139447.20,380.64,12536.00,0.00,2652.90,259.96,33.20,6.48,619.10,521.40,19.00,5.39,1570.50,177.82,41.00,11.87,63.10,1.45,17.40,0.80
0.7800,524312.00,0.00,655408.00,0.00,137231.20,342.27,12536.00,0.00,2654.00,249.68,35.00,6.71,524.80,397.58,15.00,5.00,1643.40,210.56,37.30,6.74,64.90,5.84,18.70,3.52
0.7850,524312.00,0.00,655408.00,0.00,134981.60,362.20,12536.00,0.00,2689.20,259.13,35.00,5.00,855.30,608.99,18.00,4.00,1643.90,172.35,37.20,6.95,63.40,1.50,17.80,1.17
0.7900,524312.00,0.00,655408.00,0.00,132697.60,327.02,12536.00,0.00,2704.20,262.65,35.00,5.00,503.50,337.76,19.10,7.02,1681.90,187.17,36.70,3.61,62.90,1.37,17.80,1.08
0.7950,524312.00,0.00,655408.00,0.00,130360.80,318.38,12536.00,0.00,3013.60,967.43,37.00,11.87,431.50,355.29,17.00,6.40,1683.40,166.46,36.40,3.38,62.50,1.12,17.30,0.78
0.8000,524312.00,0.00,655408.00,0.00,128000.00,305.20,12536.00,0.00,2893.40,580.49,36.00,9.17,603.00,476.72,21.10,8.30,1654.60,194.09,35.60,2.06,62.60,1.80,17.50,0.92
0.8050,524312.00,0.00,655408.00,0.00,125542.40,291.29,12536.00,0.00,2762.10,257.83,33.00,4.58,618.90,585.34,20.10,6.49,1696.70,209.49,38.70,9.66,62.60,1.85,17.50,0.92
0.8100,524312.00,0.00,655408.00,0.00,123082.40,343.46,12536.00,0.00,2781.40,261.12,33.00,4.58,543.60,389.35,19.00,5.39,1692.50,217.86,36.00,2.49,66.20,13.02,18.10,2.17
0.8150,524312.00,0.00,655408.00,0.00,120554.40,344.78,12536.00,0.00,2790.30,256.14,31.10,2.98,615.00,372.43,21.00,3.00,1627.50,155.27,35.20,1.89,61.50,1.12,17.80,1.17
0.8200,524312.00,0.00,655408.00,0.00,117959.20,354.15,12536.00,0.00,2807.50,260.71,35.10,4.91,555.70,265.50,18.10,4.06,1636.00,225.59,36.10,3.53,61.20,1.25,17.60,0.92
0.8250,524312.00,0.00,655408.00,0.00,115347.20,347.69,12536.00,0.00,2823.30,272.93,33.10,4.53,583.90,268.54,19.00,3.00,1623.70,190.62,35.80,2.99,61.20,1.60,17.50,1.20
0.8300,524312.00,0.00,655408.00,0.00,112738.40,338.56,12536.00,0.00,2839.40,263.63,31.00,3.00,532.80,543.14,19.10,5.22,1683.20,135.88,37.20,4.51,61.60,2.01,17.70,0.90
0.8350,524312.00,0.00,655408.00,0.00,110124.00,319.34,12536.00,0.00,2878.40,278.93,32.00,4.00,576.10,342.80,21.00,5.39,1683.00,116.60,35.50,1.69,60.70,1.00,17.40,0.80
0.8400,524312.00,0.00,655408.00,0.00,107412.80,303.31,12536.00,0.00,2878.50,278.43,33.10,4.53,489.80,327.14,21.00,5.39,1699.40,194.12,39.90,11.32,60.80,1.47,17.60,0.92
0.8450,524312.00,0.00,655408.00,0.00,104700.00,263.18,12536.00,0.00,2903.50,282.14,32.00,4.00,460.70,317.39,18.00,6.00,1677.90,165.93,36.10,2.07,60.00,0.89,17.40,0.92
0.8500,524312.00,0.00,655408.00,0.00,101916.80,309.39,12536.00,0.00,2903.50,263.25,39.00,27.00,690.00,272.92,18.10,4.06,1729.20,174.35,36.00,1.90,60.60,1.91,17.50,0.67
0.8550,524312.00,0.00,655408.00,0.00,99142.40,366.64,12536.00,0.00,2919.60,281.91,31.00,5.39,488.80,220.54,19.00,3.00,1714.60,161.93,37.40,7.35,62.50,7.21,18.10,1.81
0.8600,524312.00,0.00,655408.00,0.00,96258.40,359.70,12536.00,0.00,2945.50,279.49,30.00,8.94,2509.90,6023.60,18.00,4.00,1725.60,211.10,35.70,2.15,60.50,1.28,17.90,1.45
0.8650,524312.00,0.00,655408.00,0.00,93378.40,348.42,12536.00,0.00,2969.60,265.72,31.00,5.39,451.60,322.11,20.00,4.47,1689.10,235.31,36.70,1.79,60.00,1.18,17.50,1.02
0.8700,524312.00,0.00,655408.00,0.00,90431.20,311.58,12536.00,0.00,2978.50,276.03,37.00,6.40,620.10,217.70,16.00,4.90,1811.60,431.32,36.50,1.91,60.80,1.66,17.50,1.02
0.8750,524312.00,0.00,655408.00,0.00,87489.60,325.06,12536.00,0.00,3000.60,293.23,33.10,4.53,347.40,270.88,18.00,4.00,1679.20,206.19,36.20,2.71,60.10,2.02,17.70,1.00
0.8800,524312.00,0.00,655408.00,0.00,84526.40,309.44,12536.00,0.00,3030.70,282.27,32.10,3.96,358.60,204.35,19.00,5.39,1693.50,138.71,36.90,2.77,59.70,1.27,18.00,1.10
0.8850,524312.00,0.00,655408.00,0.00,81488.00,255.12,12536.00,0.00,3033.60,285.68,36.10,7.93,486.90,182.14,16.00,4.90,1669.00,124.13,38.50,7.49,60.60,3.80,18.90,2.98
0.8900,524312.00,0.00,655408.00,0.00,78409.60,215.43,12536.00,0.00,3047.60,295.55,34.00,6.63,1165.80,2114.55,21.10,3.30,1676.40,209.48,37.80,3.43,59.20,1.78,18.10,0.94
0.8950,524312.00,0.00,655408.00,0.00,75259.20,226.68,12536.00,0.00,3075.70,299.94,31.00,3.00,411.50,154.36,17.00,6.40,1673.60,178.12,39.90,10.48,64.80,16.47,18.00,1.34
0.9000,524312.00,0.00,655408.00,0.00,72053.60,222.34,12536.00,0.00,3122.70,333.52,32.10,3.96,362.40,249.51,17.00,6.40,1732.00,194.63,36.20,2.18,59.70,3.07,18.00,1.18
0.9050,524312.00,0.00,655408.00,0.00,68832.00,193.43,12536.00,0.00,3106.80,292.83,33.10,4.53,351.50,169.99,16.00,6.63,1686.50,167.69,38.70,6.66,59.10,1.97,17.90,0.94
0.9100,524312.00,0.00,655408.00,0.00,65592.00,195.44,12536.00,0.00,3125.50,298.27,32.10,4.21,409.60,200.34,17.00,4.58,1722.80,242.94,36.70,1.90,63.50,12.95,18.00,1.34
0.9150,524312.00,0.00,655408.00,0.00,62238.40,161.31,12536.00,0.00,3135.60,283.93,34.10,5.03,275.60,183.72,17.00,4.58,1681.40,155.83,36.20,2.36,57.60,1.80,17.40,1.02
0.9200,524312.00,0.00,655408.00,0.00,58909.60,138.20,12536.00,0.00,3151.80,291.71,35.00,6.71,462.70,352.79,18.00,4.00,1720.50,198.66,39.20,6.58,56.90,2.84,18.20,1.33
0.9250,524312.00,0.00,655408.00,0.00,55537.60,135.71,12536.00,0.00,3170.70,294.92,31.00,3.00,423.70,98.12,18.20,4.12,1730.40,199.96,40.40,8.08,56.90,1.87,17.40,1.02
0.9300,524312.00,0.00,655408.00,0.00,52143.20,130.15,12536.00,0.00,3188.70,284.36,31.00,3.00,315.60,141.82,18.00,6.00,1715.80,122.17,38.50,3.91,56.70,1.73,17.50,0.67
0.9350,524312.00,0.00,655408.00,0.00,48689.60,85.85,12536.00,0.00,3201.90,281.34,35.00,5.00,309.60,141.22,19.10,5.22,1743.90,194.89,35.50,2.54,55.40,1.11,17.20,1.17
0.9400,524312.00,0.00,655408.00,0.00,45200.00,96.13,12536.00,0.00,3223.80,293.50,33.10,4.53,337.40,143.81,18.00,4.00,1710.30,181.83,36.00,2.24,54.90,1.22,17.40,1.02
0.9450,524312.00,0.00,655408.00,0.00,41627.20,103.52,12536.00,0.00,4209.30,2969.68,36.10,6.70,300.40,112.19,16.00,4.90,1694.50,194.39,36.90,5.63,54.10,1.04,17.40,1.28
0.9500,524312.00,0.00,655408.00,0.00,38033.60,86.15,12536.00,0.00,3261.70,300.13,37.00,6.40,275.60,93.65,15.00,5.00,1772.00,189.71,36.60,2.62,54.30,1.79,17.80,1.89
0.9550,524312.00,0.00,655408.00,0.00,34420.00,67.53,12536.00,0.00,3342.20,345.80,36.10,11.95,252.30,104.11,18.00,4.00,1707.00,217.92,36.60,2.33,53.80,2.44,17.50,1.20
0.9600,524312.00,0.00,655408.00,0.00,30760.80,70.88,12536.00,0.00,3301.00,277.33,43.10,29.33,243.30,69.09,19.00,5.39,1695.20,202.86,39.80,9.86,53.20,2.52,18.50,3.69
0.9650,524312.00,0.00,655408.00,0.00,27061.60,75.14,12536.00,0.00,3311.00,280.21,35.20,6.72,203.30,73.74,16.10,4.78,1708.80,183.30,36.40,2.80,52.00,2.90,17.40,1.11
0.9700,524312.00,0.00,655408.00,0.00,23312.00,69.10,12536.00,0.00,3492.20,632.55,34.10,4.83,205.30,45.68,15.00,5.00,1764.10,192.54,37.90,3.86,51.30,2.61,17.20,1.17
0.9750,524312.00,0.00,655408.00,0.00,19528.00,63.60,12536.00,0.00,3348.00,276.44,32.10,7.60,216.40,38.18,17.00,4.58,1702.50,131.10,43.30,14.01,49.20,1.47,18.80,3.89
0.9800,524312.00,0.00,655408.00,0.00,15721.60,44.94,12536.00,0.00,3386.40,258.36,34.00,6.63,163.10,49.90,15.00,5.00,1694.90,189.19,37.30,3.00,48.20,1.08,17.50,0.92
0.9850,524312.00,0.00,655408.00,0.00,11852.80,39.71,12536.00,0.00,3374.20,280.45,33.10,7.91,127.00,26.85,18.00,4.00,1730.40,157.85,37.80,6.54,46.50,1.91,17.80,1.47
0.9900,524312.00,0.00,655408.00,0.00,7961.60,26.73,12536.00,0.00,3422.10,276.47,33.10,4.53,135.20,16.53,19.10,3.05,1793.80,142.24,35.70,1.35,44.40,2.94,17.30,1.10
0.9950,524312.00,0.00,655408.00,0.00,4022.40,13.76,12536.00,0.00,3448.40,286.99,33.10,4.53,121.20,13.74,19.00,5.39,1718.30,168.92,44.00,21.92,40.00,2.37,16.90,0.83
1.0000,524312.00,0.00,655408.00,0.00,40.00,0.00,12536.00,0.00,3421.90,283.61,35.00,10.25,59.10,18.64,19.00,3.00,1709.20,131.42,36.00,1.79,17.50,0.50,17.60,1.36
